{"global_step": 194560, "_timestamp": 1633092596.878946, "time/fps": 67.0, "_step": 18, "train/approx_kl": 0.37203431129455566, "train/clip_fraction": 0.6691699028015137, "train/clip_range": 0.20000000298023224, "train/entropy_loss": -3.6011312007904053, "train/explained_variance": -44.383575439453125, "train/learning_rate": 0.0003000000142492354, "train/loss": -0.07492011040449142, "train/policy_gradient_loss": -0.0486198365688324, "train/value_loss": 9.872069739458311e-08, "rollout/ep_len_mean": 7728.0908203125, "rollout/ep_rew_mean": 0.0}