{"global_step": 122880, "_timestamp": 1630666643.0940542, "rollout/ep_len_mean": 5024.0, "rollout/ep_rew_mean": 0.190476194024086, "time/fps": 15.0, "_step": 11, "train/approx_kl": 0.13750138878822327, "train/clip_fraction": 0.5551464557647705, "train/clip_range": 0.20000000298023224, "train/entropy_loss": -1.5205073356628418, "train/explained_variance": 0.7208981513977051, "train/learning_rate": 0.0003000000142492354, "train/loss": -0.0897001251578331, "train/policy_gradient_loss": -0.07774165272712708, "train/value_loss": 1.2502492609200999e-05}