{"global_step": 133120, "_timestamp": 1632912418.174951, "time/fps": 51.0, "_step": 12, "train/approx_kl": 0.013147366233170033, "train/clip_fraction": 0.19267578423023224, "train/clip_range": 0.20000000298023224, "train/entropy_loss": -4.266396522521973, "train/explained_variance": 0.0, "train/learning_rate": 0.0003000000142492354, "train/loss": 0.015638714656233788, "train/policy_gradient_loss": -0.005492522846907377, "train/value_loss": 7.356267360592028e-06}