{"global_step": 2682880, "_timestamp": 1629677125.644376, "rollout/ep_len_mean": 10505.7802734375, "rollout/ep_rew_mean": 0.10000000149011612, "time/fps": 63.0, "_step": 261, "train/approx_kl": 0.025570401921868324, "train/clip_fraction": 0.32365235686302185, "train/clip_range": 0.20000000298023224, "train/entropy_loss": -0.2656744122505188, "train/explained_variance": 0.8641026020050049, "train/learning_rate": 0.0003000000142492354, "train/loss": -0.04976768046617508, "train/policy_gradient_loss": -0.013462536968290806, "train/value_loss": 1.9442248344603286e-07}