{"global_step": 49152, "_timestamp": 1629634190.8305385, "rollout/ep_len_mean": 1636.75, "rollout/ep_rew_mean": 0.0, "time/fps": 56.0, "_step": 5, "train/approx_kl": 0.00888032466173172, "train/clip_fraction": 0.08457031100988388, "train/clip_range": 0.20000000298023224, "train/entropy_loss": -1.8779782056808472, "train/explained_variance": 0.9079620838165283, "train/learning_rate": 0.0003000000142492354, "train/loss": -0.034378282725811005, "train/policy_gradient_loss": -0.004439389333128929, "train/value_loss": 1.305901514569996e-05}