{"global_step": 624640, "_timestamp": 1629720784.5072448, "rollout/ep_len_mean": 5040.8701171875, "rollout/ep_rew_mean": 0.03999999910593033, "time/fps": 53.0, "_step": 60, "train/approx_kl": 0.323489248752594, "train/clip_fraction": 0.6021191477775574, "train/clip_range": 0.20000000298023224, "train/entropy_loss": -1.0593760013580322, "train/explained_variance": -2.9736530780792236, "train/learning_rate": 0.0003000000142492354, "train/loss": -0.11469049751758575, "train/policy_gradient_loss": -0.08308602124452591, "train/value_loss": 5.233660431258613e-06}