{"global_step": 51200, "_timestamp": 1629733129.3438518, "rollout/ep_len_mean": 1822.1666259765625, "rollout/ep_rew_mean": 0.0, "time/fps": 44.0, "_step": 4, "train/approx_kl": 0.07521140575408936, "train/clip_fraction": 0.42847657203674316, "train/clip_range": 0.20000000298023224, "train/entropy_loss": -1.8238493204116821, "train/explained_variance": -0.027399301528930664, "train/learning_rate": 0.0003000000142492354, "train/loss": -0.12528783082962036, "train/policy_gradient_loss": -0.07691680639982224, "train/value_loss": 6.248518184293061e-05}