{"global_step": 114688, "_timestamp": 1629707618.927493, "rollout/ep_len_mean": 4383.58837890625, "rollout/ep_rew_mean": 0.29411765933036804, "time/fps": 47.0, "_step": 7, "train/approx_kl": 0.0560084767639637, "train/clip_fraction": 0.3885672390460968, "train/clip_range": 0.20000000298023224, "train/entropy_loss": -1.7500813007354736, "train/explained_variance": -2.76847505569458, "train/learning_rate": 0.0003000000142492354, "train/loss": -0.08027489483356476, "train/policy_gradient_loss": -0.060363903641700745, "train/value_loss": 5.0498136261012405e-05}