{"global_step": 1996800, "_timestamp": 1629765708.587362, "rollout/ep_len_mean": 6523.7001953125, "rollout/ep_rew_mean": 0.2800000011920929, "time/fps": 74.0, "_step": 194, "train/approx_kl": 0.17584119737148285, "train/clip_fraction": 0.47148436307907104, "train/clip_range": 0.20000000298023224, "train/entropy_loss": -0.9466499090194702, "train/explained_variance": 0.3937016725540161, "train/learning_rate": 0.0003000000142492354, "train/loss": -0.08940674364566803, "train/policy_gradient_loss": -0.06172095611691475, "train/value_loss": 1.434235764463665e-05}