{"global_step": 4096, "_timestamp": 1630668343.3302312, "time/fps": 38.0, "_step": 1, "train/approx_kl": 0.024967029690742493, "train/clip_fraction": 0.18291015923023224, "train/clip_range": 0.20000000298023224, "train/entropy_loss": -1.9341232776641846, "train/explained_variance": -1.3236656188964844, "train/learning_rate": 0.0003000000142492354, "train/loss": -0.0898103415966034, "train/policy_gradient_loss": -0.04961497336626053, "train/value_loss": 0.007879766635596752}