{"global_step": 4096, "_timestamp": 1629625706.6478703, "time/fps": 16.0, "_step": 1, "train/approx_kl": 0.010377246886491776, "train/clip_fraction": 0.14023438096046448, "train/clip_range": 0.20000000298023224, "train/entropy_loss": -1.9350793361663818, "train/explained_variance": -0.39930403232574463, "train/learning_rate": 0.0003000000142492354, "train/loss": -0.03200569748878479, "train/policy_gradient_loss": -0.0168386772274971, "train/value_loss": 0.04331064969301224}