{"global_step": 90112, "_timestamp": 1629632295.5596902, "rollout/ep_len_mean": 3740.26318359375, "rollout/ep_rew_mean": 0.8421052694320679, "time/fps": 14.0, "_step": 10, "train/approx_kl": 0.022110803052783012, "train/clip_fraction": 0.24907226860523224, "train/clip_range": 0.20000000298023224, "train/entropy_loss": -1.7662537097930908, "train/explained_variance": 0.4122779369354248, "train/learning_rate": 0.0003000000142492354, "train/loss": -0.016439227387309074, "train/policy_gradient_loss": -0.0138538284227252, "train/value_loss": 7.658431059098803e-06}