{"global_step": 522240, "_timestamp": 1632983467.7308269, "time/fps": 63.0, "_step": 98, "train/approx_kl": 0.1168413907289505, "train/clip_fraction": 0.5134570598602295, "train/clip_range": 0.20000000298023224, "train/entropy_loss": -2.252842903137207, "train/explained_variance": -4.520695209503174, "train/learning_rate": 0.0003000000142492354, "train/loss": -0.08535659313201904, "train/policy_gradient_loss": -0.04764658585190773, "train/value_loss": 6.015218900756736e-08, "PPO_26/global_step": 491520, "PPO_26/time/fps": 55.0, "PPO_26/train/approx_kl": 0.3730531334877014, "PPO_26/train/clip_fraction": 0.6500683426856995, "PPO_26/train/clip_range": 0.20000000298023224, "PPO_26/train/entropy_loss": -2.1479475498199463, "PPO_26/train/explained_variance": -11.766571998596191, "PPO_26/train/learning_rate": 0.0003000000142492354, "PPO_26/train/loss": -0.10329871624708176, "PPO_26/train/policy_gradient_loss": -0.0581226646900177, "PPO_26/train/value_loss": 2.267530817334773e-06}