{"global_step": 2000896, "_timestamp": 1630701932.8384693, "rollout/ep_len_mean": 7671.56982421875, "rollout/ep_rew_mean": 0.17000000178813934, "time/fps": 61.0, "_step": 976, "train/approx_kl": 0.18628203868865967, "train/clip_fraction": 0.3633789122104645, "train/clip_range": 0.20000000298023224, "train/entropy_loss": -0.634977400302887, "train/explained_variance": 0.3939133882522583, "train/learning_rate": 0.0003000000142492354, "train/loss": -0.07123102992773056, "train/policy_gradient_loss": -0.041092775762081146, "train/value_loss": 1.1142741840330928e-07, "_wandb": {"runtime": 33538}}